"symbol","candles","firstOpen","lastClose","missingWithinObservedRange","missingInRequested31Days","identicalBoundaryDuplicates","zeroVolumeCandles","zeroVolumePercent","requestedWindowFailures","currentListingStatus","issues","usableForCommonStudy"
"BTC-EUR","2743","2026-08-30T00:00:00.000Z","2026-09-27T13:45:00.000Z","0","233","0","0","0","0","active","","true"
"ETH-EUR","2743","2026-08-30T00:00:00.000Z","2026-09-27T13:45:00.000Z","0","233","0","3","0.10936930368209989","0","active","","true"
"SOL-EUR","2743","2026-08-30T00:00:00.000Z","2026-09-27T13:45:00.000Z","0","233","0","0","0","0","active","","true"
"XRP-EUR","2743","2026-08-30T00:00:00.000Z","2026-09-27T13:45:00.000Z","0","233","0","5","0.18228217280349981","0","active","","true"
"LINK-EUR","2743","2026-08-30T00:00:00.000Z","2026-09-27T13:45:00.000Z","0","233","0","156","5.687203791469194","0","active","","true"
"ADA-EUR","2743","2026-08-30T00:00:00.000Z","2026-09-27T13:45:00.000Z","0","233","0","132","4.812249362012396","0","active","","true"
"DOGE-EUR","2743","2026-08-30T00:00:00.000Z","2026-09-27T13:45:00.000Z","0","233","0","341","12.431644185198687","0","active","","true"
"SHIB-EUR","2743","2026-08-30T00:00:00.000Z","2026-09-27T13:45:00.000Z","0","233","0","837","30.51403572730587","0","active","","true"
"PEPE-EUR","2743","2026-08-30T00:00:00.000Z","2026-09-27T13:45:00.000Z","0","233","0","273","9.95260663507109","0","active","","true"
