"symbol","phase","horizonHours","totalBuySignals","incompleteHorizonSignals","n","meanPercent","medianPercent","minPercent","maxPercent","positivePriceChangePercent","unconditionalObservations","unconditionalMeanPercent","signalMinusUnconditionalMeanPercentagePoints"
"BTC-EUR","all","1","5","0","5","0.22574407261821747","0.19010613548819857","-0.0009573515825819453","0.5019659801803301","80","1739","0.021591909396323307","0.20415216322189417"
"BTC-EUR","all","4","5","0","5","0.15369544912912575","0.30214504381891116","-0.8825386512196476","1.020343833319981","60","1727","0.08707029161272568","0.06662515751640007"
"BTC-EUR","all","24","5","0","5","2.522150950540415","0.9575899250179285","-0.6940302809415829","6.397819433090086","80","1647","0.574608968055275","1.94754198248514"
"BTC-EUR","earlier","1","2","0","2","0.25861386376742684","0.25861386376742684","0.19010613548819857","0.3271215920466551","100","867","0.0013372337587414303","0.2572766300086854"
"BTC-EUR","earlier","4","2","0","2","0.776905287233846","0.776905287233846","0.533466741147711","1.020343833319981","100","855","0.00034616819008892696","0.7765591190437571"
"BTC-EUR","earlier","24","2","1","1","0.9575899250179285","0.9575899250179285","0.9575899250179285","0.9575899250179285","100","775","-0.05946903810609487","1.0170589631240234"
"BTC-EUR","later","1","3","0","3","0.2038308785187446","0.11048400695848559","-0.0009573515825819453","0.5019659801803301","66.66666666666667","868","0.041988232121124146","0.16184264639762044"
"BTC-EUR","later","4","3","0","3","-0.26177777627402105","-0.20493972142132671","-0.8825386512196476","0.30214504381891116","33.333333333333336","856","0.14076194705960762","-0.40253972333362864"
"BTC-EUR","later","24","3","0","3","1.9093695138853455","0.024319389507533026","-0.6940302809415829","6.397819433090086","66.66666666666667","776","0.6597581471606712","1.2496113667246744"
"ETH-EUR","all","1","10","0","10","0.09875873136148663","0.02378947822856601","-0.2390386966874753","0.6567208796136277","70","1739","0.02511984139344433","0.0736388899680423"
"ETH-EUR","all","4","10","0","10","0.009038357334567329","-0.06631440258623426","-0.47682063562081206","0.9626612609414557","50","1727","0.1005718817480206","-0.09153352441345328"
"ETH-EUR","all","24","10","2","8","0.8421456673625669","-0.39847705477312123","-2.4040404979068026","6.477995646771979","37.5","1647","0.6513306062982364","0.19081506106433055"
"ETH-EUR","earlier","1","4","0","4","0.1346215470708792","0.06040200267868223","-0.2390386966874753","0.6567208796136277","50","867","0.010598355321339086","0.12402319174954012"
"ETH-EUR","earlier","4","4","0","4","0.24459805780713906","0.14098446516873372","-0.2662379600503668","0.9626612609414557","75","855","0.035510088836368144","0.20908796897077092"
"ETH-EUR","earlier","24","4","1","3","-1.2009745193405263","-0.7612583692561681","-2.4040404979068026","-0.4376246908586086","0","775","0.1379574195150926","-1.338931938855619"
"ETH-EUR","later","1","6","0","6","0.07485018755522495","0.02378947822856601","-0.06980728957332938","0.39022853743044134","83.33333333333333","868","0.03962823383534679","0.03522195371987816"
"ETH-EUR","later","4","6","0","6","-0.14800144298048049","-0.26291836687639647","-0.47682063562081206","0.27560984145871975","33.333333333333336","856","0.1382190988076387","-0.2862205417881192"
"ETH-EUR","later","24","6","2","4","0.9655233125375335","0.011564956638879353","-1.1137017665469364","4.952665103419312","50","776","0.5343020960385693","0.4312212164989643"
"SOL-EUR","all","1","11","0","11","0.4038041234741835","0.23586636335999497","-0.2112052324393069","2.2142542027652365","72.72727272727273","1739","0.04563332312564753","0.35817080034853593"
"SOL-EUR","all","4","11","0","11","0.717884638217051","0.3686254596063607","-0.27365839256920943","2.915715326694195","63.63636363636363","1727","0.18893394210931672","0.5289506961077343"
"SOL-EUR","all","24","11","3","8","1.502952207516806","1.6039122859595705","-2.5469534212976632","7.526757728554506","62.5","1647","1.2071060403613512","0.29584616715545486"
"SOL-EUR","earlier","1","3","0","3","0.12267348031206438","0.07729029324846556","-0.2112052324393069","0.5019353801270344","66.66666666666667","867","0.016253714295764308","0.10641976601630007"
"SOL-EUR","earlier","4","3","0","3","0.23986279550824627","-0.08183678108661059","-0.27365839256920943","1.0750835601805588","33.333333333333336","855","0.06600381806091511","0.17385897744733114"
"SOL-EUR","earlier","24","3","0","3","-1.1745821622863455","-2.243691748124574","-2.5469534212976632","1.2668986825632014","33.333333333333336","775","0.25050105010187734","-1.4250832123882229"
"SOL-EUR","later","1","8","0","8","0.5092281146599782","0.3267024744187559","-0.17302827695808767","2.2142542027652365","75","868","0.07503024507435498","0.43419786958562323"
"SOL-EUR","later","4","8","0","8","0.8971428292328527","0.3966499457844984","-0.1464499957754809","2.915715326694195","75","856","0.2795391451365109","0.6176036840963418"
"SOL-EUR","later","24","8","3","5","3.109472829398697","2.9827544328394464","-0.03903429162519273","7.526757728554506","80","776","1.2149364920981498","1.8945363373005473"
"XRP-EUR","all","1","6","0","6","-0.07512841871539551","-0.2191112003498956","-0.5032191223266484","1.1070424934003236","16.666666666666668","1739","0.024614981746366928","-0.09974340046176244"
"XRP-EUR","all","4","6","0","6","0.36037381842499666","-0.06522250898451373","-0.3250975292587776","1.8819722387805502","50","1727","0.10181204950570155","0.2585617689192951"
"XRP-EUR","all","24","6","1","5","2.1912124453621376","3.8522071498163832","-3.1678144255164913","5.347854356306892","60","1647","0.7312452351440767","1.459967210218061"
"XRP-EUR","earlier","1","2","0","2","0.409355710743581","0.409355710743581","-0.2883310719131615","1.1070424934003236","50","867","-0.023913782833460046","0.43326949357704103"
"XRP-EUR","earlier","4","2","0","2","0.8646631885897323","0.8646631885897323","-0.15264586160108548","1.8819722387805502","50","855","-0.09216252798483875","0.956825716574571"
"XRP-EUR","earlier","24","2","0","2","2.461907573101952","2.461907573101952","-0.4155359565807327","5.339351102784637","50","775","-0.6015814373503618","3.0634890104523143"
"XRP-EUR","later","1","4","0","4","-0.3173704834448838","-0.31064137310592865","-0.5032191223266484","-0.14498006524102935","0","868","0.07295689822742381","-0.39032738167230757"
"XRP-EUR","later","4","4","0","4","0.10822913334262875","-0.11938163690089741","-0.3250975292587776","0.9967773364310875","50","856","0.26402041906555734","-0.1557912857229286"
"XRP-EUR","later","24","4","1","3","2.0107490268689285","3.8522071498163832","-3.1678144255164913","5.347854356306892","66.66666666666667","776","1.306150003281738","0.7045990235871906"
"LINK-EUR","all","1","5","0","5","0.32081587368377723","0.22921625672220752","-0.7762483994878361","2.026143790849673","60","1739","0.04384551268408094","0.2769703609996963"
"LINK-EUR","all","4","5","0","5","0.7067622735684844","0.5377766023097946","0.13604353393085789","2.0634920634920637","100","1727","0.18299427880070424","0.5237679947677802"
"LINK-EUR","all","24","5","2","3","-0.3424052818154146","-1.8866261130212465","-5.088302150725651","5.947712418300654","33.333333333333336","1647","1.2566910854348163","-1.599096367250231"
"LINK-EUR","earlier","1","0","0","0","","","","","","867","-0.0023995176410374435",""
"LINK-EUR","earlier","4","0","0","0","","","","","","855","-0.010900228118852672",""
"LINK-EUR","earlier","24","0","0","0","","","","","","775","-0.18624123573076268",""
"LINK-EUR","later","1","5","0","5","0.32081587368377723","0.22921625672220752","-0.7762483994878361","2.026143790849673","60","868","0.08939114513273153","0.2314247285510457"
"LINK-EUR","later","4","5","0","5","0.7067622735684844","0.5377766023097946","0.13604353393085789","2.0634920634920637","100","856","0.358292709606001","0.3484695639624834"
"LINK-EUR","later","24","5","2","3","-0.3424052818154146","-1.8866261130212465","-5.088302150725651","5.947712418300654","33.333333333333336","776","2.0255523632821455","-2.36795764509756"
"ADA-EUR","all","1","8","0","8","-0.0387328246864161","-0.4724755276131963","-1.217199558985667","2.0848200632072587","37.5","1739","0.044364334264470104","-0.08309715895088621"
"ADA-EUR","all","4","8","0","8","-0.4415451201781867","-0.14473246389367975","-3.622950819672131","1.1418085431746356","50","1727","0.17831827922641147","-0.6198633994045981"
"ADA-EUR","all","24","8","2","6","0.5002203292337729","-0.8065352582781815","-2.71612445525489","8.854113569171169","33.333333333333336","1647","1.214298541281881","-0.7140782120481081"
"ADA-EUR","earlier","1","2","0","2","-0.7131494414873953","-0.7131494414873953","-0.8360655737704918","-0.5902333092042987","0","867","-0.0009060862519701081","-0.7122433552354253"
"ADA-EUR","earlier","4","2","0","2","-1.4523240094240157","-1.4523240094240157","-3.622950819672131","0.7183028008240994","50","855","-0.0032951764198115778","-1.4490288330042043"
"ADA-EUR","earlier","24","2","0","2","-1.3788477518768465","-1.3788477518768465","-1.9781420765027322","-0.7795534272509606","0","775","-0.23913502779481532","-1.139712724082031"
"ADA-EUR","later","1","6","0","6","0.18607271424724367","-0.08886329778980798","-1.217199558985667","2.0848200632072587","50","868","0.08869316473765522","0.09737954950958845"
"ADA-EUR","later","4","6","0","6","-0.10461882376291043","-0.14473246389367975","-1.1454545454545455","1.1418085431746356","50","856","0.34054970573684107","-0.4451685294997515"
"ADA-EUR","later","24","6","2","4","1.4397543697890824","-0.18948581737997397","-2.71612445525489","8.854113569171169","50","776","1.8235816007332848","-0.38382723094420235"
"DOGE-EUR","all","1","7","0","7","0.0019531575069785417","0","-0.6196924489327519","0.5329227854097585","42.857142857142854","1739","0.02506728926345863","-0.023114131756480086"
"DOGE-EUR","all","4","7","0","7","0.250570637907126","-0.04590314436538903","-1.5709830195217742","2.498815727143534","28.571428571428573","1727","0.10216865306499957","0.14840198484212647"
"DOGE-EUR","all","24","7","2","5","1.0316704784360227","0.3213220105577232","-3.7694013303769403","9.004988185875558","60","1647","0.8398381036809641","0.19183237475505854"
"DOGE-EUR","earlier","1","1","0","1","0","0","0","0","0","867","-0.02015570659234912","0.02015570659234912"
"DOGE-EUR","earlier","4","1","0","1","-0.1638001638001638","-0.1638001638001638","-0.1638001638001638","-0.1638001638001638","0","855","-0.08501789256364208","-0.07878227123652172"
"DOGE-EUR","earlier","24","1","0","1","-2.115752115752116","-2.115752115752116","-2.115752115752116","-2.115752115752116","0","775","-0.4752621505594386","-1.6404899651926774"
"DOGE-EUR","later","1","6","0","6","0.0022786837581416316","-0.050774670607483884","-0.6196924489327519","0.5329227854097585","50","868","0.06955715263011909","-0.06727846887197746"
"DOGE-EUR","later","4","6","0","6","0.3196324381916743","-0.022951572182694516","-1.5709830195217742","2.498815727143534","33.333333333333336","856","0.26108005528861616","0.05855238290305814"
"DOGE-EUR","later","24","6","2","4","1.8185261269830573","1.0192588262168056","-3.7694013303769403","9.004988185875558","75","776","1.5457246675227319","0.2728014594603254"
"SHIB-EUR","all","1","10","0","10","-0.022098677466905553","0.036480132684728356","-0.5320754716981132","0.5821166141807425","50","1739","0.029344000670959644","-0.0514426781378652"
"SHIB-EUR","all","4","10","0","10","-0.03376501251979035","0.2744400048118719","-2.082320173305628","0.9968942908630805","60","1727","0.1184443452378117","-0.15220935775760203"
"SHIB-EUR","all","24","10","2","8","1.2020757684246768","0.5834259993735945","-2.0245463128081402","6.915837141843528","62.5","1647","0.878077484191758","0.32399828423291877"
"SHIB-EUR","earlier","1","3","0","3","-0.10183913776692693","-0.13484238914187188","-0.3784776786702375","0.2078026545113286","33.333333333333336","867","0.005129406085248884","-0.10696854385217582"
"SHIB-EUR","earlier","4","3","0","3","-0.25318883943601417","0.6167046520981365","-2.082320173305628","0.7060490028994488","66.66666666666667","855","0.022014746070416803","-0.275203585506431"
"SHIB-EUR","earlier","24","3","0","3","1.4767204776074612","2.3483934396925417","-0.4382373121444855","2.520005305274327","66.66666666666667","775","0.08183687539235808","1.394883602215103"
"SHIB-EUR","later","1","7","0","7","0.012075805518817888","0.21609147172978077","-0.5320754716981132","0.5821166141807425","57.142857142857146","868","0.05296536362745686","-0.04088955810863897"
"SHIB-EUR","later","4","7","0","7","0.06027377044430555","0.14816669796949017","-0.769811320754717","0.9968942908630805","57.142857142857146","856","0.20194380797514994","-0.1416700375308444"
"SHIB-EUR","later","24","7","2","5","1.037288942915006","0.18979333614508645","-2.0245463128081402","6.915837141843528","60","776","1.2456287336690162","-0.2083397907540101"
"PEPE-EUR","all","1","8","0","8","-0.08266633041502736","-0.11877030956186682","-1.2100517172788754","1.7066261314171216","25","1739","0.05383663929371473","-0.1365029697087421"
"PEPE-EUR","all","4","8","0","8","-1.0508416529323543","-1.2056981245081233","-2.353799230871237","0.18480561809078996","25","1727","0.21833435285832656","-1.269176005790681"
"PEPE-EUR","all","24","8","0","8","0.07879329592505802","-1.471148364127568","-12.444260561761595","24.9785014045749","50","1647","1.612217868587082","-1.5334245726620241"
"PEPE-EUR","earlier","1","3","0","3","-0.6709133715621673","-0.6884449244060475","-1.2100517172788754","-0.11424347300157925","0","867","0.013202937859417818","-0.6841163094215852"
"PEPE-EUR","earlier","4","3","0","3","-1.3484478349296953","-1.8763498920086392","-2.353799230871237","0.18480561809078996","33.333333333333336","855","0.04672642995813477","-1.39517426488783"
"PEPE-EUR","earlier","24","3","0","3","0.05854597162662545","0.4670541984476328","-3.6931441453388145","3.4017278617710582","66.66666666666667","775","0.5799633756675127","-0.5214174040408872"
"PEPE-EUR","later","1","5","0","5","0.27028189427325666","-0.08044867374614996","-0.2059339485927847","1.7066261314171216","40","868","0.09453927554973138","0.17574261872352528"
"PEPE-EUR","later","4","5","0","5","-0.8722779437339497","-1.1446697007309337","-1.6906922940024915","0.033079722130334104","20","856","0.36323200498993197","-1.2355099487238816"
"PEPE-EUR","later","24","5","0","5","0.09094169050411711","-3.4093509267027686","-12.444260561761595","24.9785014045749","40","776","2.2907686158880463","-2.1998269253839293"
