"symbol","signalId","side","signalCloseUtc","referenceClose","phase","sourceCandleVolume","sourceCandleMayBeMidPrice","forward_1h_price_percent","forward_4h_price_percent","forward_24h_price_percent","max_upward_price_excursion_24h_percent","max_downward_price_excursion_24h_percent","price_barrier_observation_24h"
"BTC-EUR","0d0c1c6639d4d43a64047141f0f2de11a9c79517c2b8bb3fbef5871bb836d166","sell","2026-09-09T15:30:00.000Z","67408.29","earlier","0.90792424","false","0.26815692847274425","0.18640140552445403","-1.6333005925532305","","",""
"BTC-EUR","e8a2142d79583e9bab9d02cf7b8c8302a50ea50c8ed88e853088bedcbc57008b","sell","2026-09-11T11:45:00.000Z","66306.21","earlier","0.25886013","false","0.8964921988453268","2.2165495509394972","0.5830524772868182","","",""
"BTC-EUR","3508e5c8f93d44c8c549c0980c324e691fd941cca5c9b72e2267fa6adefc7c98","sell","2026-09-11T19:45:00.000Z","66649.5","earlier","0.14618466","false","0.16513252162431827","-0.22736854740095575","-0.29628129243280144","","",""
"BTC-EUR","f7507ab3ba223e09eeebee0d23de195170f8d31ccaad931570394451e052d864","sell","2026-09-12T13:45:00.000Z","66621.75","earlier","0.06538352","false","0.23753503923268302","-0.025532202321313986","-0.7294014342163032","","",""
"BTC-EUR","5d8cbef8e747cbe9ae4b39ca66003c2b1fbceb0c931d89071001ae087e7e4104","sell","2026-09-12T18:00:00.000Z","66566.81","earlier","0.10976442","false","-0.07078602685031775","0.049859682325170754","0.17003969395559138","","",""
"BTC-EUR","7a14bdba16a405b09ed55b509e38dbeef026c99e662fd37cf993a42f7c540eae","sell","2026-09-13T07:00:00.000Z","66499.8","earlier","0.09768636","false","-0.013383498897741045","-0.6178063693424641","0.9521833148370371","","",""
"BTC-EUR","ebaf38b951af15a98e9bae84a1fcba388468f7c2584b52e2c6a8becbdef4fe4c","sell","2026-09-13T23:00:00.000Z","66159.92","earlier","0.88627317","false","0.1727632076943261","1.2249712514767248","2.76833768843735","","",""
"BTC-EUR","c71bb402627d3331cf49c9696b45ed0c9839bc6fdbc297a09c0775f906f57569","buy","2026-09-14T02:45:00.000Z","66862.65","earlier","1.378324","false","0.19010613548819857","0.533466741147711","0.9575899250179285","3.078475052963052","0","neither_within_24h"
"BTC-EUR","db72cb0b69b0a07786a01a192da5a4cd8d071c695836f40c48768d8571e8a781","sell","2026-09-15T01:00:00.000Z","67516.51","earlier","0.04668373","false","0.005109861276893607","-0.4277027944720484","-2.808957394272897","","",""
"BTC-EUR","7e7ce824bd7039a7c7f5874d94ea5fb23100826a7327d2eed961121b97f9f98d","sell","2026-09-16T13:45:00.000Z","65641.96","earlier","1.03356962","false","-0.06034250043722034","-0.39413813968991784","0.857972552921942","","",""
"BTC-EUR","69d94b2ff2b2cebf7cb4f562d2f1b57aec325228a74de335b50e469f3add3a35","sell","2026-09-17T22:30:00.000Z","66407.46","earlier","0.44293203","false","0.2719272804591532","0.7867037829785991","6.478925711057161","","",""
"BTC-EUR","97c06b85163174b30a3515e2a33bde2e7f4fca3da872f447fad4833ba5290961","buy","2026-09-18T02:00:00.000Z","66779.45","earlier","0.02115836","false","0.3271215920466551","1.020343833319981","5.925056286028112","6.520239385020392","-0.0985482809457101","upper_4_percent_first"
"BTC-EUR","ba2bb9c62a2f638431db030d127ee72659c993ea2653b3d83289547e09724ccf","sell","2026-09-19T21:30:00.000Z","70533.82","later","2.58519556","false","0.019394951244665327","0.14702166988828905","-0.14252737197559978","","",""
"BTC-EUR","d8f773aa3c2aeafff53da848c879dd7e86278acea0a5a7686e7537f8ab60e1b8","buy","2026-09-20T16:00:00.000Z","70433.06","later","2.27328511","false","0.5019659801803301","0.30214504381891116","6.397819433090086","6.83862095442112","-0.597815855224805","upper_4_percent_first"
"BTC-EUR","62dcb018460f8a38f78109aa31b97ca0d8c213e8a8d7dbb9f5012c64f94444d7","sell","2026-09-22T05:15:00.000Z","74399.03","later","1.78323092","false","-0.018588952033380006","0.8516912115655272","2.2345183801455475","","",""
"BTC-EUR","b7ab0ea4de8764f92facc9230685b74a54f8a0a3280135c8c4119eaf9e56d0a4","buy","2026-09-22T09:00:00.000Z","75207.48","later","15.23032561","false","-0.0009573515825819453","-0.20493972142132671","0.024319389507533026","1.5244760228636833","-0.7170297422543609","neither_within_24h"
"BTC-EUR","0180320bbc2c22028b4ac9fed0959c3e82d8c919729ac426fb1f4f6a8f84f5c2","sell","2026-09-23T09:15:00.000Z","75296.73","later","1.14750693","false","-0.09235460822800672","-0.5840891098458061","-2.5854110796046523","","",""
"BTC-EUR","aa5a84b512ed56a53772529805daf05f75dbca8549c2ddb47a2574ce8f29ab6b","sell","2026-09-25T05:30:00.000Z","74009.79","later","0.07813406","false","-0.18294876934524473","0.611135364659189","-0.445603210061804","","",""
"BTC-EUR","cdbe4654ee9dd9c183ffc09dc758e7c7c72b6c40defe39790ea78e828879bd9e","buy","2026-09-25T10:00:00.000Z","74246.04","later","2.01222151","false","0.11048400695848559","-0.8825386512196476","-0.6940302809415829","0.6622844800880963","-1.7267452917354245","neither_within_24h"
"BTC-EUR","44015c2647ff20ae80bf76c193f5aa46ff8b3653eb0127b4fe19ce7b00f408e1","sell","2026-09-25T13:45:00.000Z","73600","later","6.73034615","false","-0.24934782608695652","-0.07139945652173912","0.04940217391304348","","",""
"BTC-EUR","cf83a171eb8ea5cfc0e345f18fc849ef6f30736087dc2c3095b5d03629ffaa3d","sell","2026-09-26T14:30:00.000Z","73686.63","later","0.03587964","false","0.18483678789490032","0.1869131482875523","","","",""
"BTC-EUR","2cb717c0e700c5a49d7478af6ccec6653fdae29276c25b6ab4978430b495a119","sell","2026-09-26T20:45:00.000Z","73649.36","later","1.11926018","false","0.2655148666600769","0.5643497784637911","","","",""
"ETH-EUR","577755e0653ac9d4c463d91325dd1244499193c8730a4ec362387320238a8bac","sell","2026-09-09T12:15:00.000Z","2145.36","earlier","25.8922685","false","0.5756609613304993","-0.12958198157884923","-1.2771749263526868","","",""
"ETH-EUR","98edb040c2340d7798537f3566371cf6ad07c9bd9cb06c6a09daa96057c36900","buy","2026-09-09T12:45:00.000Z","2152.21","earlier","92.33928998","false","-0.12591708058228518","-0.2662379600503668","-2.4040404979068026","0.5422333322491765","-2.597794824854452","lower_2_percent_first"
"ETH-EUR","9a606186fddf161f1932e45622a2e219ab6cfc8a248054885eac88bea9eaea8a","sell","2026-09-09T15:30:00.000Z","2132.61","earlier","129.84051083","false","0.3577775589535827","0.12801215412100667","-1.7874810677995507","","",""
"ETH-EUR","4fa0c9442914f8bb64404198c0a43b61ac99eb5a1088b6cd2dfd5ca374528873","sell","2026-09-10T23:15:00.000Z","2099.61","earlier","30.05504768","false","0.40817104128862025","0.20051342868437472","3.2415543839093925","","",""
"ETH-EUR","26c8cf056d9a4cc2e99571a3596547584c6d84ffbbe7e0360b4efb76695a1e8e","sell","2026-09-12T00:00:00.000Z","2168.34","earlier","1.43207048","false","-0.1554184306889141","-0.06779379617587648","0.4948485938552072","","",""
"ETH-EUR","5762e031a9ec826b7899662dea7154ee20b5deabcb194c07882773947b55b128","buy","2026-09-12T08:30:00.000Z","2180.6","earlier","13.96269707","false","0.24672108593964964","0.11694029166284509","-0.7612583692561681","0.6388150050444832","-0.7612583692561681","neither_within_24h"
"ETH-EUR","694b1b6f359e1967c1bd712f91a8e4a7cfe3b8eceb654754567fcfbe80d09ac5","sell","2026-09-12T19:00:00.000Z","2175.26","earlier","6.44289151","false","-0.11033163851677501","-0.05010895249303531","-0.613719739249561","","",""
"ETH-EUR","2add76aedc214ad14b5519c3aace5ff52be667ba218cd51e42a668cf1dc8a9c5","sell","2026-09-13T22:45:00.000Z","2134.37","earlier","8.91840938","false","0.05434858998205559","1.2518916588970048","2.9545017967831257","","",""
"ETH-EUR","040be1c61c683c351eff74c6ca8fba2882b1060bf90fc0f8bb640f5a50533ab6","buy","2026-09-14T03:15:00.000Z","2175.38","earlier","43.49550574","false","-0.2390386966874753","0.16502863867462236","-0.4376246908586086","4.073771019316165","-0.8251431933731118","upper_4_percent_first"
"ETH-EUR","e8d139a713fc5307b234c4008c79d1cfd4c07e9506310f75c398ec63b3d0de44","sell","2026-09-15T01:15:00.000Z","2176.39","earlier","0.47844146","false","0.3289851543151733","-1.150529087158092","-4.529519065976227","","",""
"ETH-EUR","c2f73067159de2205e2029cb428a4cf5751d5b5f15de636c5ffb117a67ee4ee9","sell","2026-09-16T13:15:00.000Z","2080.4","earlier","48.2285375","false","-0.6032493751201692","-0.43116708325322056","2.749471255527783","","",""
"ETH-EUR","69bce0807ed8fe9762676acc47393be1f60aa9dbebcceb7ff1824483c9d055da","sell","2026-09-17T23:15:00.000Z","2131.63","earlier","1.0139509","false","-0.17873645989219517","0.9556067422582718","7.025140385526569","","",""
"ETH-EUR","5ec9adff3cb13d961b26b279ef353398a036d4c639588831e2b99ac8f7eb7781","buy","2026-09-18T02:30:00.000Z","2140.94","earlier","0.89475697","false","0.6567208796136277","0.9626612609414557","6.477995646771979","7.550421777350136","-0.017749212962530476","upper_4_percent_first"
"ETH-EUR","ba0c86d2842bf0c0d706aa8f0e7a9a804fe2bb90fa9d96025e320fe2bdd9fe6f","sell","2026-09-19T21:45:00.000Z","2285.26","later","5.94639059","false","0.16759580966717136","-0.2682408128615562","-0.13040091718229","","",""
"ETH-EUR","ba49a39a0617bf5b8a0203fdb6db7c732d960ba5e541cc6cad886381096673ad","buy","2026-09-20T16:15:00.000Z","2285.84","later","58.71902755","false","0.39022853743044134","0.27560984145871975","4.952665103419312","5.497322647254401","-0.6929618870962098","upper_4_percent_first"
"ETH-EUR","b69d2f6baf5593eb960bd32e0d6f5b6a315686d495224f74202e10357c019e62","sell","2026-09-22T04:15:00.000Z","2386.85","later","10.92068768","false","-0.4600205291492972","0.024299809372185097","1.794834195697258","","",""
"ETH-EUR","5a256fde28ae4cf7f94ce761c74b2e0e75037ee2633f7fa2c806b10f5175d44b","buy","2026-09-22T12:30:00.000Z","2396.13","later","32.78093027","false","0.007512113282668303","-0.24956909683531361","-0.3593294186876338","1.796229753811354","-0.9970243684608098","neither_within_24h"
"ETH-EUR","1bce1897e9cfb4a62c38bcf9fba29021af667afb45d06c099ccefad88408cad0","sell","2026-09-23T08:45:00.000Z","2402.57","later","4.77099641","false","-0.1939589689374295","-0.5822931277756735","-2.397848970061226","","",""
"ETH-EUR","8a1410194c167084b5cd8cfc6b99ea1b93d04ee68ff2f7a2dc1f9a2175aab931","sell","2026-09-24T08:30:00.000Z","2345.53","later","152.15616781","false","-0.5499823067707512","-0.7115662558142509","0.7733859724667772","","",""
"ETH-EUR","2a5cc3b901e9dbd9224b34cd56944208a44933c69867e755439ebe413ef18675","sell","2026-09-25T05:30:00.000Z","2355.74","later","9.98496105","false","-0.26106446382028575","1.0446823503442655","0.1443283214616214","","",""
"ETH-EUR","4d49525500566b75a02ee309665488c516940e031a6307c01ea1bd500d2469c5","buy","2026-09-25T09:30:00.000Z","2380.35","later","55.59126285","false","0.03318839666435608","-0.47682063562081206","-1.1137017665469364","0.9721259478648098","-1.5485117734786902","neither_within_24h"
"ETH-EUR","403b67cb1fd53b503b21e1809756fffdc98a4581e351b2a9eada6d089bd934eb","sell","2026-09-25T16:00:00.000Z","2356.27","later","124.01706536","false","-0.10525109601191714","0.2605813425456336","0.2711913320629639","","",""
"ETH-EUR","0bb92a59064c84b9dd628404422ed978ec57e5997b1fe16c6a3c9ed2d877aeff","buy","2026-09-26T02:30:00.000Z","2363.65","later","1.51395788","false","-0.06980728957332938","-0.2762676369174793","0.3824593319653925","0.46242040911302434","-0.9997250015865293","neither_within_24h"
"ETH-EUR","8eb2579059c6e7cd63d7c97dd89541fa5b3cd45114739526f538c90143e39211","sell","2026-09-26T04:00:00.000Z","2359.55","later","0.04638218","false","0.09620478481066305","0.09408573668708016","0.3627810387573902","","",""
"ETH-EUR","55fd61007e4fb2a06c7a932a15f097ea8a624fddabf0e09540b1724a9dfa4b99","buy","2026-09-26T16:00:00.000Z","2362.66","later","2.3150482","false","0.01439055979277594","-0.3229410918202365","","","","incomplete_24h"
"ETH-EUR","7cc90a93d389cefe084b2fcdc3d55f139b1f325ad8283d2971383732a5b5c0ff","sell","2026-09-26T19:00:00.000Z","2357.85","later","2.89861829","false","-0.11960048349131625","0.12681044171597006","","","",""
"ETH-EUR","9920b05285035468fe160a2febe7a15f0f9e26c1a3ca3c59c0de15346b71ad89","buy","2026-09-26T23:45:00.000Z","2364.49","later","11.37591913","false","0.07358880773443745","0.16197996185223876","","","","incomplete_24h"
"SOL-EUR","64429a38a08c395fa235abbc6849f7ccbf1397d413551afca4dfd9d9d1590445","sell","2026-09-09T14:45:00.000Z","88.925","earlier","639.706556","false","-0.3373629463030644","0.258644925499016","-3.1385999437728422","","",""
"SOL-EUR","29be10d18770a8061270f84dbb1725e949d8d3add27a06dc2e10ed5381f83837","sell","2026-09-11T10:30:00.000Z","85.704","earlier","32.857187","false","-0.4422197330346308","4.41169607019509","2.734994866050593","","",""
"SOL-EUR","f323430949978e19d5a24d9028d81e315859a989388c0c9b3918ed3a58a330d9","sell","2026-09-12T05:30:00.000Z","87.509","earlier","696.506858","false","0.2742575049423488","0.5382303534493595","0.39538790295855286","","",""
"SOL-EUR","4584f47b391b0c36112aea1363006e8d240f780df86c351862815cc38bd42756","buy","2026-09-12T09:30:00.000Z","87.98","earlier","200.988814","false","0.07729029324846556","-0.08183678108661059","-2.243691748124574","0.3898613321209366","-2.476699249829507","lower_2_percent_first"
"SOL-EUR","64650b438bf2d2b9f42264c99388346089213e0218bd7cd4f6d36433250ac2ec","sell","2026-09-12T19:00:00.000Z","87.559","earlier","106.152906","false","-0.21813862652611382","0.13933462008474287","-0.44427186240135225","","",""
"SOL-EUR","8a0de36ace55f7cfc6f56618712b07fd635ef37f8db7261e4246427b0ab01cfa","buy","2026-09-13T01:45:00.000Z","88.066","earlier","614.340561","false","-0.2112052324393069","-0.27365839256920943","-2.5469534212976632","0.15215860831648992","-3.0057002702518565","lower_2_percent_first"
"SOL-EUR","1900e86bd5333ae7bcf0bc9070a498f83d24611abdf657cdcfc387287856ab79","sell","2026-09-13T06:30:00.000Z","87.539","earlier","18.056564","false","-0.19648385291127382","-1.7329418887581536","0.1907721130010624","","",""
"SOL-EUR","56f5f0419cb7f9357041b2edea6859a30f7ef91f1be0107ed32a8b47a4a3dc53","sell","2026-09-13T23:00:00.000Z","86.027","earlier","42.326808","false","-0.4452090622711474","1.3216780778127797","3.498901507666198","","",""
"SOL-EUR","a27f571e855b345cc88475fd8cdf1f2d4f1c26bf959a3eaee416b651eb9ecc09","buy","2026-09-14T03:45:00.000Z","87.063","earlier","392.69016","false","0.5019353801270344","1.0750835601805588","1.2668986825632014","4.244053156909365","0","upper_4_percent_first"
"SOL-EUR","2a8d04e9a4227c22e9ab530c5c108cef5a56da550191a4b76b52309bce540fc6","sell","2026-09-15T03:15:00.000Z","87.842","earlier","562.652541","false","0.13660891145465723","-0.5282211242913413","-3.9980874752396347","","",""
"SOL-EUR","c77637ead80fa68eca55e9bcbabee24bd4dfa97e74843f1e503952e992f502e3","sell","2026-09-19T09:45:00.000Z","97.279","later","372.973135","false","0.21176204525128753","-0.28474799288644004","-2.7477667327994735","","",""
"SOL-EUR","0b1607fc97086975a401f81a25a4aa244ff6553ea7afff5e9e90205cf778558c","buy","2026-09-20T17:15:00.000Z","95.393","later","564.083476","false","0.23586636335999497","-0.06813917163733188","7.526757728554506","8.813015630077679","-0.35746857735892573","upper_4_percent_first"
"SOL-EUR","7857ec8ada3a6498a40230e64fe68c657d79d985b99f2abe4b8f370adcc4ed73","sell","2026-09-22T04:15:00.000Z","101.954","later","216.816529","false","-0.6149832277301528","-0.1020067873746984","2.299076053906664","","",""
"SOL-EUR","1a89b531e2b60e22ef593c1689d6f06172553b12d4b24821248361519ad14caa","buy","2026-09-22T13:00:00.000Z","102.474","later","149.293287","false","0.48109764428050045","0.2693366122138299","-0.03903429162519273","2.235689052832914","-1.1934734664402677","neither_within_24h"
"SOL-EUR","2bc3454d53cecfb48c521a201d6635659f3421a0412cb0889106cf705fd0b3b1","sell","2026-09-23T09:15:00.000Z","102.886","later","302.019463","false","0.05637307311004413","-1.0360982057811559","-2.9372314989405752","","",""
"SOL-EUR","a9a517550c0e6b99830d97b1e7ea8085b48e82361d6dea5c06b3ea3e4e4386ce","buy","2026-09-24T14:45:00.000Z","101.787","later","827.985195","false","0.41753858547751677","1.1897393576782889","3.135960387868785","5.226600646447975","-1.4215960780846277","upper_4_percent_first"
"SOL-EUR","8d7ebf060d7126a7b15ad967e489e57436b9a919f7046c62fb2fafb803ef9009","sell","2026-09-25T07:00:00.000Z","102.121","later","184.369569","false","0.06854613644598075","2.4010732366506398","3.3049030072169288","","",""
"SOL-EUR","9ce788a6aecd865ccef84677913b47b8655e365bd5c0fda06d38d0b81a00bdba","buy","2026-09-25T09:00:00.000Z","102.925","later","69.272886","false","0.9249453485547728","2.915715326694195","2.9827544328394464","4.821957736215691","0","upper_4_percent_first"
"SOL-EUR","0dea511bbc10f49d4d2dcb266b7f1851b96d98340fbed5c4af76427fd1687820","sell","2026-09-26T05:30:00.000Z","105.655","later","212.144148","false","0.004732383701670531","-0.24324452226586532","0.2744782546968908","","",""
"SOL-EUR","2f793bcd7dabaad34cf5defa90bdf4d9d4b6c65e998de022a4ffc7e5ff9154b1","buy","2026-09-26T13:00:00.000Z","106.341","later","203.665667","false","-0.17302827695808767","0.3686254596063607","1.9409258893559398","3.1398990041470363","-0.8190632023396432","neither_within_24h"
"SOL-EUR","7a1ff6b0f2da804c445b88caf6dbf4c26b9121656cff78f04d1878079fd42cfd","sell","2026-09-26T13:30:00.000Z","105.782","later","506.809849","false","0.3280331247282146","0.6381047815318296","2.1894084059669887","","",""
"SOL-EUR","10266e409899ee601da76eaf19402d09e71d3a639a7e3b7642c28b37f761a2e2","buy","2026-09-26T14:15:00.000Z","106.199","later","91.181234","false","0.12429495569638133","0.42467443196263616","","","","incomplete_24h"
"SOL-EUR","212f8efe95bfaabc85ab09ec13bcafc148a1e1ce400b4c8e21392766951a5c05","sell","2026-09-27T01:45:00.000Z","106.207","later","8.235521","false","0.3568503017691866","0.14499985876637134","","","",""
"SOL-EUR","3c789f1b23bec0c59205f9bbfc1024cd06e5aba2a224c89ec706f3f7efa26849","buy","2026-09-27T02:00:00.000Z","106.521","later","47.804228","false","-0.1511439058964899","-0.1464499957754809","","","","incomplete_24h"
"SOL-EUR","8bac005d515775b1be7c63746cb2d5e27fc1a65d0cbb76a8247e5037d42c882d","sell","2026-09-27T03:45:00.000Z","105.956","later","48.863378","false","-0.43036732228472196","1.277888935029635","","","",""
"SOL-EUR","936088cbe86ab9024275270496e64020de2e6d107d097c007a5675109162ed06","buy","2026-09-27T07:00:00.000Z","106.537","later","22.971486","false","2.2142542027652365","2.2236406131203243","","","","incomplete_24h"
"XRP-EUR","e1e3f460a779131363630853cca1d4a4e44f87c459c6b5bae3515cafd313c7b8","sell","2026-09-09T15:30:00.000Z","1.2148","earlier","48733.33112","false","0.18109976950938425","0.1481725386894962","-4.115903852486006","","",""
"XRP-EUR","ef979b3ecd78729046c1369c05c3b6fbdf016b92137cd854daa2b008b684c249","sell","2026-09-11T09:45:00.000Z","1.1547","earlier","7305.0336","false","-0.2598077422707197","1.9745388412574694","2.346929938512168","","",""
"XRP-EUR","1193d01ad15feeeef63981af5e3b9a9e169d4634f6b1ccd227659d9595b20b25","sell","2026-09-11T22:45:00.000Z","1.1674","earlier","154999.29534","false","0.15418879561418536","0.5910570498543772","0.6595854034606818","","",""
"XRP-EUR","6dd18c2f8bde3a214bfe3dbcfe4b94f7d480de6711204b906da521774c7a01ea","sell","2026-09-12T19:15:00.000Z","1.1753","earlier","2246.18638","false","0.19569471624266144","0.2892878414021952","-0.5615587509572024","","",""
"XRP-EUR","52dddd13c170ce2bfb98423210e2715c70e368923fdfe1a7d7028061332e2919","buy","2026-09-13T02:45:00.000Z","1.1792","earlier","230.04387","false","-0.2883310719131615","-0.15264586160108548","-0.4155359565807327","0.11024423337856173","-2.5695386702849388","lower_2_percent_first"
"XRP-EUR","955bf92602ba4863ab1f3aa8bc077a4eee1f159a4aaef053f687f92d72aba3f6","sell","2026-09-13T03:45:00.000Z","1.1758","earlier","0.000000","true","0.042524238816125194","-0.19561149855417587","0.9780574927708794","","",""
"XRP-EUR","d4c2c81c67c6818b6bc540997068bad5f70ff3cfde16ace2fed5032a05219b62","sell","2026-09-13T22:45:00.000Z","1.155","earlier","3554.65916","false","0.3116883116883117","1.670995670995671","8.017316017316018","","",""
"XRP-EUR","c23c35228597a83b2e0822d48e54abfb272d20a94cba5c4d32afde6e06bb1fbf","buy","2026-09-14T02:45:00.000Z","1.1743","earlier","945.76461","false","1.1070424934003236","1.8819722387805502","5.339351102784637","10.022992421016776","0","upper_4_percent_first"
"XRP-EUR","0c30a2c65c322e33cd1cea3bfbc87eab9421382944d2dea6ec5a269edab6022a","sell","2026-09-15T04:00:00.000Z","1.2272","earlier","3033.78969","false","-0.14667535853976532","-1.6297262059973925","-8.425684485006519","","",""
"XRP-EUR","de7110e2076ee06a5db0694ab9d015f79ad88adb0bd77993ffe12d3911f2f90d","sell","2026-09-17T19:30:00.000Z","1.1266","earlier","19606.65778","false","0.5059470974613882","0.2485354162968223","8.237173797266111","","",""
"XRP-EUR","248722679cac53fca2fafd68b04cf7c1e2a3297f0737d9029ca465c845607550","sell","2026-09-19T21:45:00.000Z","1.2242","later","27455.97869","false","0.44927299460872405","-0.6861623917660513","-0.5064531939225617","","",""
"XRP-EUR","d24f27c089c2c538d2f373ecb2583b2bf452550e1444d05e1d627d85fb1007cc","buy","2026-09-20T16:45:00.000Z","1.2304","later","155954.04061","false","-0.47139141742522755","-0.3250975292587776","5.347854356306892","6.867685305591677","-2.2269180754226268","lower_2_percent_first"
"XRP-EUR","b1819301492317f9b4a8bb3f21354bae6283fd03bab3033181bf5e895851e935","sell","2026-09-23T12:00:00.000Z","1.3783","later","49048.43527","false","-0.44257418559094536","-4.128273960676196","-6.145251396648045","","",""
"XRP-EUR","3a418427dbe3665220952ada2e1449b188536cc98fc361d89bf68bfb457836dc","buy","2026-09-24T14:45:00.000Z","1.3343","later","114263.86687","false","-0.1498913287866297","0.9967773364310875","3.8522071498163832","7.022408753653601","-1.9261035749081916","upper_4_percent_first"
"XRP-EUR","5bf6713f09db439801df6a798502077b226492775facbb42b7b7378e0f36478d","sell","2026-09-25T22:00:00.000Z","1.3625","later","4719.30295","false","1.071559633027523","1.6293577981651377","-1.7100917431192661","","",""
"XRP-EUR","4c847ff181658a90e679723424402f5201e401dd0a578b365b64c7dd2838e055","buy","2026-09-25T22:45:00.000Z","1.3795","later","2945.95576","false","-0.14498006524102935","-0.26096411743385284","-3.1678144255164913","0.47843421529539687","-4.44363899963755","lower_2_percent_first"
"XRP-EUR","23dfc3c4fccd2f9347ca240f09798608874529aafa4ee51d68dbe2ee735fd3bf","sell","2026-09-26T04:00:00.000Z","1.369","later","956.66655","false","-0.13878743608473337","-0.38714390065741416","-2.8049671292914535","","",""
"XRP-EUR","c71b0235f8fc741a352a0e2c47b62c01b0b843dff5f7db3fa7756da2de030a0f","buy","2026-09-27T08:30:00.000Z","1.3513","later","31331.1558","false","-0.5032191223266484","0.02220084363205802","","","","incomplete_24h"
"LINK-EUR","f5fcbda920afe9b8ae07b4d2c262a4150759035dca67ae618f9d2885f78e9a0f","sell","2026-09-11T22:00:00.000Z","9.933","earlier","0.379303","false","-0.14094432699083861","0.0906070673512534","-0.11074197120708748","","",""
"LINK-EUR","d6efc9b1a52946af4de254d0394a4a2f22cbdd82c4acfdc2c8216f8e3b0a48e5","sell","2026-09-12T17:45:00.000Z","9.923","earlier","1","false","0.09069837750680237","0.13100876750982565","-0.9573717625718029","","",""
"LINK-EUR","0f42a4c51e3e57dc88b7fcc4d7d67c124c56ba8260047c0215a397d4d73d1d39","sell","2026-09-13T22:45:00.000Z","9.64","earlier","3.488009","false","0.37344398340248963","1.5352697095435686","4.159751037344399","","",""
"LINK-EUR","21cd4fa3ee016226188dba9d16faf354ec5419bae695b4001e49b2bab190ee98","sell","2026-09-15T04:30:00.000Z","9.95","earlier","10.697322","false","-0.5326633165829145","-0.9748743718592965","-5.738693467336684","","",""
"LINK-EUR","c9c755e422bc05cd2f482c25c09d1411e9be16e838e99664da2b237fb6b290b8","sell","2026-09-19T22:00:00.000Z","10.765","later","342.462233","false","0.36228518346493266","-0.4923362749651649","0.7431490942870413","","",""
"LINK-EUR","569bab673f778a856a96c1d03e6dccd48e6b553a50479f7abc27b0d0f5464f63","buy","2026-09-20T15:45:00.000Z","10.71","later","14.938781","false","2.026143790849673","2.0634920634920637","5.947712418300654","7.002801120448179","0","upper_4_percent_first"
"LINK-EUR","e0c551698fcf692ed46182d0dafca93456c13bd8cceb82f14efd0a41097b7971","sell","2026-09-22T04:30:00.000Z","11.316","later","0.343913","false","-1.1134676564156947","-0.7511488158359845","1.7143867090844822","","",""
"LINK-EUR","b8bb94b582fa655df3d5f3239dd3e35a593a0e785c6d55e8b6e8abacfef0ba8c","buy","2026-09-22T13:30:00.000Z","11.343","later","107.044022","false","0.22921625672220752","0.5377766023097946","-1.8866261130212465","1.8778101031473156","-2.6712509918011107","lower_2_percent_first"
"LINK-EUR","bf92cd18d5ae2857f9e574a82a593728d55da6e4cbf82dfaad2c997b81930ebf","sell","2026-09-22T22:00:00.000Z","11.267","later","0.00000000","true","0.83429484334783","0.37277003638945594","-4.109345877340907","","",""
"LINK-EUR","62f0090ef6a1d4d09e6ea226dde82119a8fffcd696fad5ee459fa9c874e436b3","buy","2026-09-22T23:15:00.000Z","11.438","later","12.222439","false","-0.12239902080783353","0.16611295681063123","-5.088302150725651","1.0316488896660256","-7.483825843678964","lower_2_percent_first"
"LINK-EUR","81a2ce6f29de1685113c830587ba55e168bbf70eaa24c7fa080d9871517450ae","sell","2026-09-23T09:00:00.000Z","11.289","later","656.51099","false","0.28346177695101427","-1.3021525378687218","-4.3316502790326865","","",""
"LINK-EUR","0ecf112630b122ee8c91338386e59f74e8c77cfd82e4404eb0e10e58f43a64d2","sell","2026-09-24T09:00:00.000Z","10.8","later","101.95944","false","-0.9444444444444444","0.1111111111111111","13.00925925925926","","",""
"LINK-EUR","d2e22a1c9c3081e507f61306510ab9f47269b23aaa20c5d20bcecdab43d1ae4f","sell","2026-09-26T20:45:00.000Z","12.254","later","347.734973","false","0.8078994614003591","1.3301779010935204","","","",""
"LINK-EUR","d8417089828571403d5f2dbb33937b0689f536472610c748d87eb33da1d8819e","buy","2026-09-27T02:45:00.000Z","12.496","later","1.2567","false","-0.7762483994878361","0.13604353393085789","","","","incomplete_24h"
"LINK-EUR","0991f1633eb5ea5485cde517ec17bb9ca6f0e7e60b6d161818f8287052364e93","sell","2026-09-27T03:30:00.000Z","12.374","later","5.974451","false","0.1535477614352675","1.527396153224503","","","",""
"LINK-EUR","8090765030ac868c11bb1c778c26fcb824f7c85d71859e81575e444bd0eabf06","buy","2026-09-27T06:30:00.000Z","12.532","later","29.382477","false","0.24736674114267476","0.6303862112990744","","","","incomplete_24h"
"ADA-EUR","94cb69693ddc92019e7e760aaaa6ab686099b7e798729b787a1221259937e35b","sell","2026-09-09T10:15:00.000Z","0.18788","earlier","146005.7856","false","-0.20757930593996168","-0.46306152863529915","-2.2514370875026612","","",""
"ADA-EUR","999cdca2a02b4bfafff28ec16d5d4f1619fbc1daeb7282f89b5002168f54eeba","sell","2026-09-11T08:45:00.000Z","0.17926","earlier","5560.8075","false","-1.8185875264978244","-0.3068169139796943","0.45185763695191344","","",""
"ADA-EUR","ea5c5d4ef2f33deb264d56fea4897dae2b2af64aeb4eb1689d03d1dd8113e9f4","buy","2026-09-11T14:15:00.000Z","0.183","earlier","229703.728","false","-0.8360655737704918","-3.622950819672131","-1.9781420765027322","0.907103825136612","-4.2349726775956285","lower_2_percent_first"
"ADA-EUR","8d51db55c0c1559e191ad63289435098a3dea47e087c862ef8b0d83f521de520","sell","2026-09-11T19:00:00.000Z","0.17557","earlier","13581.3879","false","1.27584439254998","0.5809648573218659","1.856809249871846","","",""
"ADA-EUR","4093bc4257c45e767ab6fa989c7e2b6b3541914e0e44c0e8bda90f259593fd47","sell","2026-09-12T17:45:00.000Z","0.17888","earlier","16.0901","false","0.1285778175313059","-0.11739713774597496","0.3745527728085868","","",""
"ADA-EUR","972d533e2e84ac59835180b07d2feeed9b4e5c8671d39f976cd3600879cdf21f","sell","2026-09-13T22:45:00.000Z","0.17454","earlier","2127.25","false","1.0140941904434513","2.5610175317978685","4.062106107482525","","",""
"ADA-EUR","59019197822ac6b97749618bad5e7e2987b17748bc0d866c841486367a53b121","buy","2026-09-14T03:30:00.000Z","0.17959","earlier","5296.8165","false","-0.5902333092042987","0.7183028008240994","-0.7795534272509606","3.964586001447742","-0.885349963806448","neither_within_24h"
"ADA-EUR","88abf1ff83c20f2e9144a7dee82d2d2a9f90b8333aebc45d7209e68c4091dd9b","sell","2026-09-15T00:15:00.000Z","0.1805","earlier","3934.6677","false","-0.33240997229916897","-1.4626038781163435","-6.598337950138504","","",""
"ADA-EUR","700d76f3b6c2db398f04e90ecbf17c9d5a3066f4996e9f10a01537207729663c","sell","2026-09-19T08:15:00.000Z","0.19434","later","11449.9402","false","0.30873726458783574","1.4767932489451476","-1.2864052691159824","","",""
"ADA-EUR","fa1263974be7cd61dd8c97511a86f0905a74e7aa39a5f95a3202bb831c31cda5","buy","2026-09-19T11:45:00.000Z","0.19734","later","8474.1836","false","-0.3547177460220938","0.020269585486976792","-2.71612445525489","2.021891152325935","-3.6181210094253573","lower_2_percent_first"
"ADA-EUR","a9996af816a23611c2ab604b29ea416b9e58b3bc05b8745066711c512f3a964d","sell","2026-09-20T02:45:00.000Z","0.194","later","117640.4614","false","-0.8865979381443299","-1.5103092783505154","3.097938144329897","","",""
"ADA-EUR","fd097fe6a22d239ff22d0efea0f86ff81b19020aa3f7a56b0d2f601f18cd8643","buy","2026-09-20T16:15:00.000Z","0.19618","later","32397.3478","false","2.0848200632072587","1.1418085431746356","8.854113569171169","10.449587113875014","-1.8758283209297584","upper_4_percent_first"
"ADA-EUR","42efc94d9aca78c4ae4eec5e76ddd33fad001f4b95ed08ec13e54373fa158874","sell","2026-09-23T11:30:00.000Z","0.21954","later","690416.0088","false","0.11842944338161611","-4.304454769062586","-5.361209802313929","","",""
"ADA-EUR","77b88da7d216510de02ae5edfaed4ba81d4941b332bf63b6149189335272ea27","sell","2026-09-24T09:00:00.000Z","0.20947","later","82517.9931","false","-1.7281710984866567","-0.6301618370172339","5.60939514011553","","",""
"ADA-EUR","bf25eee9e8197b444d0bc35d79863ea86b107699f6072e37e9fd73fab3bb21a7","buy","2026-09-24T14:30:00.000Z","0.22","later","171776.5264","false","-0.8363636363636363","-1.1454545454545455","0.45454545454545453","2.9909090909090907","-2.8772727272727274","lower_2_percent_first"
"ADA-EUR","bb89fc38631461763affb756733ccd0a3389daa81a637862a34cc8d9e768b22b","sell","2026-09-26T06:45:00.000Z","0.22359","later","0.000000","true","0.31754550740194104","0.7558477570553245","0.38910505836575876","","",""
"ADA-EUR","2cc667dea98c1d6d969d166e6f76afbeba1837702964887690579940bab26a54","buy","2026-09-26T11:45:00.000Z","0.22675","later","12897.5351","false","-1.217199558985667","0.4718853362734289","-0.8335170893054025","0.8335170893054025","-3.933847850055127","lower_2_percent_first"
"ADA-EUR","0e45bff8380ffa179ce35068a9f12d8891bf837505618ad9bb8cadac1b9a78ea","sell","2026-09-26T13:30:00.000Z","0.22363","later","6064.0334","false","0.33984706881903143","0.7959576085498368","0.5500156508518536","","",""
"ADA-EUR","08c4814481901647cd55013936bb24e6bea1b76c488f5a8d4342a9bb102b7c1d","buy","2026-09-26T15:00:00.000Z","0.22567","later","19534.5754","false","1.2629060132051226","-0.806487348783622","","","","incomplete_24h"
"ADA-EUR","ebc377af6a6510b789308109cf3d6f5983b8a81dc85ed6e363eb56065d05a82a","sell","2026-09-26T19:30:00.000Z","0.22368","later","24179.2355","false","-0.6571888412017167","-0.6124821173104434","","","",""
"ADA-EUR","f17a6801b99539c6df0ab75d2d0eb68a91e7f68bba48307f7f7f28e7bf3c0ae8","buy","2026-09-27T07:30:00.000Z","0.226","later","22246.9064","false","0.17699115044247787","-0.30973451327433627","","","","incomplete_24h"
"DOGE-EUR","e780cf436f68c45c2d9323eb63652637161f2da51ad7f2ae6866ab343e186124","sell","2026-09-09T15:00:00.000Z","0.07705","earlier","281001.3353","false","-0.6229720960415315","-1.1421155094094744","-6.489292667099286","","",""
"DOGE-EUR","821df712d6222d131decb74c457e2c67ccbdddf3a44522f309169fad771a8bad","sell","2026-09-11T10:30:00.000Z","0.07211","earlier","60495.871","false","-0.4021633615309943","3.1895714880044377","1.7195950630980446","","",""
"DOGE-EUR","f1bf62b2454b69b85b50f6a1e0f7504cef73ec38087d05bada32601f995783e9","sell","2026-09-11T22:00:00.000Z","0.07233","earlier","3132.2033","false","-0.06912760956726116","0.5668463984515415","1.0230886215954653","","",""
"DOGE-EUR","cfdb8488e95937ea90785f92d7576aa86f21ac8042f74bc52b6e2eb61e71ddd1","sell","2026-09-12T21:45:00.000Z","0.07306","earlier","157.6179","false","-0.15056118258965234","0.28743498494388176","-0.8486175745962223","","",""
"DOGE-EUR","31c633ebf604963eafd146e9bc32dc0176acfff24bde00f49a6947153626d55b","buy","2026-09-13T02:00:00.000Z","0.07326","earlier","0.00000000","true","0","-0.1638001638001638","-2.115752115752116","0.4641004641004641","-3.357903357903358","lower_2_percent_first"
"DOGE-EUR","294a80a1888dc33ffc46d426d04fc4d9e1ad28dbda05ad98e94d93891298ce42","sell","2026-09-13T04:00:00.000Z","0.07303","earlier","0.00000000","true","0","-0.6435711351499384","-0.725729152403122","","",""
"DOGE-EUR","aa53f6f809f4608d194cac6d3e31e8f7effa47b1733258e3f26f8e8b7093c741","sell","2026-09-13T22:30:00.000Z","0.07112","earlier","1067401.7082","false","0.0843644544431946","1.687289088863892","2.530933633295838","","",""
"DOGE-EUR","bc19584a3061a51bf19e05041f29988aff91817f24df9d10527f315de952a019","sell","2026-09-15T00:00:00.000Z","0.07244","earlier","388934.7876","false","0.17945886250690227","-0.3175041413583655","-4.155162893429044","","",""
"DOGE-EUR","0b9e009ecccdfd8064cc9cc42e397a012467ccaab54a46c46233d0eba6a37f00","sell","2026-09-19T07:30:00.000Z","0.07585","later","355291.2493","false","0.15820698747528017","1.2524719841793013","-2.2017139090309823","","",""
"DOGE-EUR","57a1fb0bc28e8fdb7e17a11c9d62747c66c5dd3575f5c7e3a2a3f4508ae885f3","buy","2026-09-19T11:15:00.000Z","0.07667","later","13288.0184","false","0.35215860179992176","1.1869049171775141","-3.7694013303769403","3.4041998173992436","-3.965044998043563","lower_2_percent_first"
"DOGE-EUR","a7a022b78022695da563f0f0ccebde43fc02ac868b6f1d121e24670503c550da","sell","2026-09-19T22:15:00.000Z","0.07574","later","173461.8781","false","1.0958542381832586","0.5281225244256668","0.5017163982043834","","",""
"DOGE-EUR","5d3c626c9f4d6cfc779587aeae3bf338d591306014db2a6f872ef3663fc23916","buy","2026-09-20T16:45:00.000Z","0.07618","later","54599.9615","false","0.026253609871357313","0","9.004988185875558","12.221055395116828","-3.097925964820163","lower_2_percent_first"
"DOGE-EUR","0ba7e0eaa6a33235ee30b591f89dd8a2ea2322ffc5d1c0c77df8e34ff51cfcb4","sell","2026-09-22T10:45:00.000Z","0.08528","later","1347.9702","false","0.4104127579737336","1.547842401500938","2.6149155722326456","","",""
"DOGE-EUR","a95c0bb30c09a9eea09597292c2b9b2d36d0c2a648016f240afa1eac124e33bc","buy","2026-09-22T13:45:00.000Z","0.08714","later","581764.1159","false","-0.6196924489327519","-0.04590314436538903","0.3213220105577232","4.705072297452375","-0.9983933899472114","upper_4_percent_first"
"DOGE-EUR","087d701803b53f8b26c7272849775d24cfe0482c56e66b31320baeccf19abf29","sell","2026-09-23T09:45:00.000Z","0.08749","later","1009.7236","false","0.022859755400617212","-0.08000914390216024","-7.46371013830152","","",""
"DOGE-EUR","5b96c180fa0bf29d731ce6020a4a62a04c8a158225e836ce54537ed3442fad00","sell","2026-09-24T09:15:00.000Z","0.08158","later","1957.2326","false","-0.8825692571708752","0.4658004412846286","3.812208874724197","","",""
"DOGE-EUR","03c23e87b7404b5c4cc7e213807d8871ac11db81ffe9c4d2e7492238b834b9e3","sell","2026-09-25T05:30:00.000Z","0.08363","later","5384.3519","false","-0.04782972617481765","1.6381681214875046","2.3675714456534735","","",""
"DOGE-EUR","5e1b027c8687d4481c8a23d1c9ee285a34d07ae0290cf904dc6bbc9b9904fe3a","buy","2026-09-25T09:00:00.000Z","0.08444","later","7168.1221","false","0.5329227854097585","2.498815727143534","1.7171956418758882","3.659403126480341","-0.15395547134059687","neither_within_24h"
"DOGE-EUR","7f8eeabfd784721f14d4daf6bdb4717c3cc736e6f4862319b0a3594685b12c3c","sell","2026-09-26T06:15:00.000Z","0.08566","later","33438.7818","false","0.17511090357226244","0.023348120476301658","-0.6187251926219939","","",""
"DOGE-EUR","2ae2ec9d7d902fb7a59e86174f9ed183d253dc7d9718264ce51326cb2b3312cd","buy","2026-09-26T16:00:00.000Z","0.08657","later","16903.0063","false","-0.1501674945131108","-1.5709830195217742","","","","incomplete_24h"
"DOGE-EUR","480c38a01736df1fd61bf012552deb0823cee5f4a4b14bf8e0c36fd4fe021542","sell","2026-09-26T19:00:00.000Z","0.08537","later","11776.485","false","-0.187419468197259","-0.8551013236499941","","","",""
"DOGE-EUR","09492a47eaebed630aa348b41c2ca39b32f88d140404cfd6e679ca7ae8c39ec9","buy","2026-09-27T08:00:00.000Z","0.08607","later","1464.4674","false","-0.12780295108632508","-0.15103985128383873","","","","incomplete_24h"
"SHIB-EUR","06e7893b122822597cab5d987276096f1439fe929ab397c903b3f147e3d60592","sell","2026-09-09T11:15:00.000Z","0.000004632","earlier","3918189","false","0.6714162348877375","-0.25906735751295334","-4.4235751295336785","","",""
"SHIB-EUR","42aa61f0f7ab55247164efaa5a868a07f6b23ce36b91f578131eda5411075e69","sell","2026-09-09T13:45:00.000Z","0.0000046411","earlier","12167749","false","0.20038352976665014","-0.29949796384477817","-5.7874210855185195","","",""
"SHIB-EUR","293e9e119ef99f7a8f27e0c0facee9542826948c8b0e324ab04e02745890b813","sell","2026-09-11T09:45:00.000Z","0.0000043534","earlier","820079","false","0.1378233105159186","2.5681076859466163","4.504525198695273","","",""
"SHIB-EUR","9538f1c11e6a525f4abd7bef1f658ff4efe2feb3563d581e5187cd20a2b260d7","sell","2026-09-11T22:45:00.000Z","0.0000044149","earlier","226249","false","0.8788421028788874","1.6308410156515436","3.3590794808489433","","",""
"SHIB-EUR","43aa9f3543963efc37c886a82cd65b29a0e1abf2d1962edcbd1f38987139a640","buy","2026-09-12T00:45:00.000Z","0.0000044754","earlier","0.0000","true","0.2078026545113286","0.6167046520981365","2.3483934396925417","3.8678106984850515","-0.46252848907360233","neither_within_24h"
"SHIB-EUR","3cdf9bd2e2c2ab8212b8aedc90aecb28c4f5568c1ccf81731ba91c5f8959065a","sell","2026-09-13T04:00:00.000Z","0.0000045325","earlier","4721918","false","-0.08604522890237176","-0.392719249862107","-0.5670159955874241","","",""
"SHIB-EUR","cf4c6c915a0bcce0fab690468c4e93ade2400a0e63405dfea192b2ffa0c57b2d","buy","2026-09-13T18:45:00.000Z","0.0000045238","earlier","4135875","false","-0.13484238914187188","-2.082320173305628","2.520005305274327","3.010743180511959","-2.5155842433352493","lower_2_percent_first"
"SHIB-EUR","95677a8f2307bb597ec36810549766c41459093cbb847ea09dcae103327fc5a8","sell","2026-09-13T22:30:00.000Z","0.0000044429","earlier","63850565","false","0.1350469288077607","1.7218483422989488","2.757208129825114","","",""
"SHIB-EUR","75260617cb7f0b1f06828888fa0b68e68eb3e618c290d40ce3a0cd89ea997e63","buy","2026-09-14T04:30:00.000Z","0.0000045181","earlier","0.0000","true","-0.3784776786702375","0.7060490028994488","-0.4382373121444855","3.3244062769748344","-0.8388481883977779","neither_within_24h"
"SHIB-EUR","15187e57b9a82f5d97063b7f0c9b1604109fd6b8127829e7d2cfca7ecca3bdce","sell","2026-09-15T00:15:00.000Z","0.0000045237","earlier","0.0000","true","-0.28295421889161526","-0.49295930322523596","-5.453500453168866","","",""
"SHIB-EUR","89a4acc545bb9ace6116c6f19c60dab2b98cbb52314568918bce463d8f7e9cc1","sell","2026-09-19T06:00:00.000Z","0.0000047131","later","10580891","false","-0.2142963230145764","0.029704440813901677","-0.3670620186289279","","",""
"SHIB-EUR","516e1e972497c4c067825ddc809e20c54c23f49513d4146ef8f7ead0ec6d2b62","buy","2026-09-19T12:00:00.000Z","0.0000047665","later","0.0000","true","0.21609147172978077","0.40071331165425367","-2.0245463128081402","4.019720969264659","-2.7252701143396623","upper_4_percent_first"
"SHIB-EUR","b2c1bacb33925d1bfb0a5c74fba42f46a93d7fec68ef5e02072f9b1a7ca8c0ec","sell","2026-09-20T01:30:00.000Z","0.000004763","later","0.0000","true","-0.09657778710896493","-1.5704387990762125","1.0161662817551964","","",""
"SHIB-EUR","3d0cff3d3eaf86ae9a7310418d923c4af7de0cfe37ea4ad0ec3fdb8f8643c4bd","buy","2026-09-20T16:45:00.000Z","0.0000047919","later","74728262","false","0.36311275277029986","0.14816669796949017","6.915837141843528","10.665915398902314","-1.5046223836056678","upper_4_percent_first"
"SHIB-EUR","7836165e067d0f9b3a9d5b52dc12fc230f93889624ff3fdae29955030c4c242d","sell","2026-09-22T12:15:00.000Z","0.0000051559","later","0.0000","true","2.5194437440602027","1.5787738319207123","1.7960006982292132","","",""
"SHIB-EUR","9f5a9cbc08cbc2031af644131c30d67a56024116c2e55ef227ff1442a7c1b3f3","buy","2026-09-22T13:00:00.000Z","0.0000053","later","3203997236","false","-0.5320754716981132","-0.769811320754717","-0.8716981132075472","3.7735849056603774","-2.8773584905660377","lower_2_percent_first"
"SHIB-EUR","47b738492b555463e692aa773bd9e033d35c36e30e09bd1d4bbcf971e5312fc4","sell","2026-09-23T11:00:00.000Z","0.0000053053","later","6500000","false","-1.0235047970897027","-5.79232088666051","-7.547169811320755","","",""
"SHIB-EUR","262714671eaf2eed33054ab70d4a639a4cb6f5bcedfda55d705e806d52e6d483","sell","2026-09-24T09:30:00.000Z","0.0000049268","later","121703","false","-0.5155476171145571","1.7232280587805473","4.317203864577413","","",""
"SHIB-EUR","f1fb3c652a003c6b50aa45114f48f4ad0d308b3cc2077a053387a02ef0601a9d","sell","2026-09-25T06:15:00.000Z","0.0000050479","later","2820472","false","0.05943065433150419","1.4976524891539056","2.5178787218447276","","",""
"SHIB-EUR","e7bb2a4e430d3ea9d4c301d881c6352a3aa9ad2ec39ee9c1b5c33c4f85a69cff","buy","2026-09-25T08:30:00.000Z","0.0000051174","later","312901","false","0.43185992887012936","0.5549693203579943","0.9770586626021026","3.3083206315707194","-1.8642279282448118","neither_within_24h"
"SHIB-EUR","9fc2589e48fec4e7dc8186e2214a2e262eaca22e69a60f1685ae2cefd5d4d484","sell","2026-09-26T09:15:00.000Z","0.0000051621","later","212993","false","0.3448209062203367","0.451366691850216","1.2029987795664556","","",""
"SHIB-EUR","30f423cb3f9e8d4a394fe9a067ba28d79b8f374cbace96e7940d8416c2b10725","buy","2026-09-26T11:15:00.000Z","0.0000052162","later","2358725","false","-0.502281354242552","0.9968942908630805","0.18979333614508645","2.2545147808749664","-2.0723898623519035","lower_2_percent_first"
"SHIB-EUR","9f73038fe24495104577bb5f6186586f1cbb0ff8bc6acebc56562957a6b53e7d","sell","2026-09-26T13:00:00.000Z","0.0000051757","later","842246","false","0.24344533106632918","2.7590470854183975","1.3273566860521282","","",""
"SHIB-EUR","de00113fb5f9d0c875e78941d4b311d9d1fc8dd9f33713044164a2de70060d09","buy","2026-09-26T14:45:00.000Z","0.0000052395","later","153355","false","0.5821166141807425","-0.36263002194865923","","","","incomplete_24h"
"SHIB-EUR","405e1f5f66d6010dbcc10301d98e0da27e3aea75d549fec3aae38214c99e4282","sell","2026-09-26T20:45:00.000Z","0.0000051096","later","116586","false","1.573508689525599","1.2995146391106935","","","",""
"SHIB-EUR","6075a449a81a7a50e4bc7b69e62ca02f170378a616c182f366ac18f1ca6c4340","buy","2026-09-27T08:00:00.000Z","0.000005271","later","154912229","false","-0.4742933029785619","-0.5463858850313034","","","","incomplete_24h"
"PEPE-EUR","ae23d2df3394001f912f09cf8683aea2bc681b7d4003267210b672e5893e2be8","sell","2026-09-09T15:15:00.000Z","0.0000031158","earlier","8638431850","false","-0.8312471917324603","-0.9179023043841068","-8.829193144617754","","",""
"PEPE-EUR","2450541a2bceacdaae6595a7c1643b7aaf701773ded1a663080436ad690466d6","sell","2026-09-11T10:00:00.000Z","0.0000028283","earlier","306845590","false","-0.47731853056606444","6.894600997065375","2.906339497224481","","",""
"PEPE-EUR","c6e65846e89282ca7f4df0d5ac1ab627bf0473cd9f094066bae220b9488bc7b3","sell","2026-09-11T19:15:00.000Z","0.0000028278","earlier","2617405290","false","1.0432138057854161","0.3889949784284603","4.395643256241601","","",""
"PEPE-EUR","db3131bf1fc0318b1499fb1b5196de5282a10bfb222d0ef2e171b419e02bc553","sell","2026-09-13T09:15:00.000Z","0.000002925","earlier","1543226630","false","0.652991452991453","0.35555555555555557","1.3128205128205128","","",""
"PEPE-EUR","48fc596cd0206b7c595d632f82c1d3e42656cddb581f2128ea9ad7d2e3712b2b","buy","2026-09-13T21:00:00.000Z","0.0000029632","earlier","1098788610","false","-0.6884449244060475","-1.8763498920086392","3.4017278617710582","4.802240820734341","-3.4827213822894167","lower_2_percent_first"
"PEPE-EUR","0fab78db932daa01fe0d9651aa24499b6e1f10d4ef3283ed6f879ca467bd79c0","sell","2026-09-13T22:15:00.000Z","0.0000029027","earlier","1210067020","false","-0.12746753023047508","1.83966651738037","4.785199986219727","","",""
"PEPE-EUR","52386beef835be59df95470187f808f04c06bf7862fef9fe458043307c01f6c1","buy","2026-09-14T03:15:00.000Z","0.0000029761","earlier","583273240","false","-0.11424347300157925","0.18480561809078996","0.4670541984476328","4.347972178354222","-0.7056214508921071","upper_4_percent_first"
"PEPE-EUR","2c3674e22144a2ef0b749e709accb71dec4cf75a511cf0cebc30e42dc3978187","sell","2026-09-15T01:00:00.000Z","0.0000029907","earlier","579156350","false","0.2073093255759521","-0.03343698799612131","-2.2369344969405156","","",""
"PEPE-EUR","1094668a9dbb3070423fd57069f3f30d6d4273ad1304ba9c8608ddbbc0b868e8","buy","2026-09-15T13:15:00.000Z","0.0000030164","earlier","433850720","false","-1.2100517172788754","-2.353799230871237","-3.6931441453388145","0.5834769924413208","-6.245855987269593","lower_2_percent_first"
"PEPE-EUR","320792c889ca55e2a956fef2c3617e57ad46110ced5afc3943f1f15ec697b05c","sell","2026-09-15T14:45:00.000Z","0.0000029277","earlier","1076414030","false","0.7343648597875465","-1.000785599617447","-1.3935854083410186","","",""
"PEPE-EUR","0b9549cf013152fd253136354fc467303563f61b9f30763f8db50cd2f5e3e178","sell","2026-09-19T02:45:00.000Z","0.0000032864","later","6706110","false","-0.29515579357351507","0.09128529698149951","4.917234664070107","","",""
"PEPE-EUR","0e91c000c35676f3e441141f3d76a100df46acd3e94cca69c36a3910d9a7ecfc","buy","2026-09-19T11:30:00.000Z","0.0000033253","later","105220620","false","-0.1232971461221544","0.033079722130334104","2.9952184765284335","13.135656933209034","-1.2961236580158182","upper_4_percent_first"
"PEPE-EUR","0c8bacef92bd942bc619de277d2d4d34863ee516b43004f7abd52dc53abe9bed","sell","2026-09-20T03:45:00.000Z","0.0000034573","later","22517580","false","0.5177450611749053","0.4367570069129089","1.2003586613831603","","",""
"PEPE-EUR","56ee836c126be9144d8351fb10d09a8707aff4c22e452573271e368fdb68b717","buy","2026-09-20T18:30:00.000Z","0.0000034886","later","257478420","false","0.05446310841025053","-0.29238089778134496","24.9785014045749","28.573066559651437","-2.7432207762426186","lower_2_percent_first"
"PEPE-EUR","3384ef0723e29b0330295dd9500660d5afca3c817f7e6cc5f6da29452c238bce","sell","2026-09-22T12:15:00.000Z","0.0000042607","later","7524396840","false","1.39883117797545","-0.9388128711244631","-2.9220550613748912","","",""
"PEPE-EUR","98d931f6ab7e34341e78b7eb81430b1860d816598dec6cd13b89b9ad3cfaaa8c","buy","2026-09-22T23:15:00.000Z","0.0000043506","later","14758254530","false","-0.08044867374614996","-1.1446697007309337","-12.444260561761595","1.939962304050016","-12.96143060727256","lower_2_percent_first"
"PEPE-EUR","05f95ad2c8f2330ebec79c78ab5b12e78ade84617806444a0bb4f5e809aef109","sell","2026-09-23T02:30:00.000Z","0.0000042856","later","1550468720","false","0.11666977786074295","1.7360462945678552","-10.481612843009147","","",""
"PEPE-EUR","f18c2d324bf5c382e1908112f69bef983086f2b49cd0731632bcb08319e1b10d","buy","2026-09-23T03:45:00.000Z","0.0000043419","later","1114613070","false","1.7066261314171216","-1.266726548285313","-11.665399940118382","2.1442225753702298","-13.834957046454317","lower_2_percent_first"
"PEPE-EUR","fc80cb7513231b859b32eaa642ed80740e33cff626bf3d77265d8efe5d93d997","sell","2026-09-23T09:30:00.000Z","0.0000042991","later","254080630","false","-1.765485799353353","-3.2960387057756275","-12.960852271405644","","",""
"PEPE-EUR","24000c9e3b2f109953a8f7322f80e217b0a379356e5c3789a9c946bd0baecd3e","sell","2026-09-25T04:00:00.000Z","0.000003872","later","25920","false","0.5578512396694215","0.07747933884297521","0.9865702479338843","","",""
"PEPE-EUR","1c8d53e5fca1153ce733425f632814fc27405d3fed358f7e497cc870701cc5d7","sell","2026-09-25T05:15:00.000Z","0.0000038772","later","113305030","false","-0.21923037243371504","0.7943877024656969","1.3875992984628083","","",""
"PEPE-EUR","23631df873b88871c7416551f46c1753ee0fea44aefe749d85db0dde3431be6e","sell","2026-09-25T17:30:00.000Z","0.0000038924","later","317964360","false","0.7527489466652965","0.4367485356078512","-0.2183742678039256","","",""
"PEPE-EUR","0e5a137da732f0b4c1061190d87883577642d184eef0e67f329baef235d34431","sell","2026-09-25T21:45:00.000Z","0.0000038998","later","0.0000","true","1.4052002666803425","1.7180368224011489","-2.297553720703626","","",""
"PEPE-EUR","1cc9391ecc7577145090ec54fdcd6f26d91449240d898795dae536c3d8394285","sell","2026-09-26T04:00:00.000Z","0.0000039102","later","0.0000","true","0.7390926295330162","0.10485397166385352","-2.559971356963838","","",""
"PEPE-EUR","9716fe9899b46606627c8799f8fa1ef1747e21f6162404478d056df621b17c01","buy","2026-09-26T05:30:00.000Z","0.0000039333","later","1139380","false","-0.2059339485927847","-1.6906922940024915","-3.4093509267027686","0.4779701522894262","-4.733938423206976","lower_2_percent_first"
"PEPE-EUR","6119e8634f396b3e72ce77c87803f3c24eeab49ec2fdb455ed43f2012ae6de26","sell","2026-09-26T06:15:00.000Z","0.000003916","later","128292550","false","-0.05107252298263534","-1.0214504596527068","-1.851378958120531","","",""
