"symbol","buySignals","reverseCrossSignals","mean1hPricePercent","mean4hPricePercent","complete24hSignals","mean24hPricePercent","snapshotSpreadPlusTwoTakerFeesPercent","zeroVolumeCandlesPercent","upper_4_percent_first","lower_2_percent_first","both_in_same_bar","neither_within_24h","incomplete_24h"
"BTC-EUR","5","17","0.22574407261821747","0.15369544912912575","5","2.522150950540415","0.2589413674227689","0","2","0","0","3","0"
"ETH-EUR","10","17","0.09875873136148663","0.009038357334567329","8","0.8421456673625669","0.2607740849810686","0.10936930368209989","3","1","0","4","2"
"SOL-EUR","11","15","0.4038041234741835","0.717884638217051","8","1.502952207516806","0.28736068562755096","0","4","2","0","2","3"
"XRP-EUR","6","12","-0.07512841871539551","0.36037381842499666","5","2.1912124453621376","0.2693189430591738","0.18228217280349981","2","3","0","0","1"
"LINK-EUR","5","11","0.32081587368377723","0.7067622735684844","3","-0.3424052818154146","0.3486746987951807","5.687203791469194","1","2","0","0","2"
"ADA-EUR","8","13","-0.0387328246864161","-0.4415451201781867","6","0.5002203292337729","0.2778604154619456","4.812249362012396","1","4","0","1","2"
"DOGE-EUR","7","15","0.0019531575069785417","0.250570637907126","5","1.0316704784360227","0.2267071461933676","12.431644185198687","1","3","0","1","2"
"SHIB-EUR","10","16","-0.022098677466905553","-0.03376501251979035","8","1.2020757684246768","0.3698442893303674","30.51403572730587","2","3","0","3","2"
"PEPE-EUR","8","18","-0.08266633041502736","-1.0508416529323543","8","0.07879329592505802","0.3042750621375311","9.95260663507109","2","6","0","0","0"
